algorithm_name,sampler,solutions
optimal_power_flow_6,RandomSampler,"Any[3.1381469803731927, 6.328984368531062, 20.576713305424196, 10.886701211929477]"
