algorithm_name,sampler,solutions
optimal_power_flow_6,TPESampler,"Any[3.030639890635482, 3.414497051130647, 12.751687742032916, 8.538034399445875]"
